"LOCATION","INDICATOR","SUBJECT","MEASURE","FREQUENCY","TIME","Value","Flag Codes"
"AUS","INSURANCEEXP","TOT","PC_GDP","A","2000",7.953,
"AUS","INSURANCEEXP","TOT","PC_GDP","A","2001",8.047,
"AUS","INSURANCEEXP","TOT","PC_GDP","A","2002",7.531,
"AUS","INSURANCEEXP","TOT","PC_GDP","A","2003",6.759,
"AUS","INSURANCEEXP","TOT","PC_GDP","A","2004",6.685,
"AUS","INSURANCEEXP","TOT","PC_GDP","A","2005",6.311,
"AUS","INSURANCEEXP","TOT","PC_GDP","A","2006",6.142,
"AUS","INSURANCEEXP","TOT","PC_GDP","A","2007",6.65,
"AUS","INSURANCEEXP","TOT","PC_GDP","A","2008",5.995,
"AUS","INSURANCEEXP","TOT","PC_GDP","A","2009",5.33,
"AUS","INSURANCEEXP","TOT","PC_GDP","A","2010",5.389,
"AUS","INSURANCEEXP","TOT","PC_GDP","A","2011",5.207,
"AUS","INSURANCEEXP","TOT","PC_GDP","A","2012",4.915,
"AUS","INSURANCEEXP","TOT","PC_GDP","A","2013",5.263,
"AUS","INSURANCEEXP","TOT","PC_GDP","A","2014",6.051,
"AUS","INSURANCEEXP","TOT","PC_GDP","A","2015",5.75,
"AUS","INSURANCEEXP","TOT","PC_GDP","A","2016",5.255,
"AUS","INSURANCEEXP","TOT","PC_GDP","A","2017",4.659,
"AUS","INSURANCEEXP","TOT","PC_GDP","A","2018",4.343,
"AUS","INSURANCEEXP","TOT","PC_GDP","A","2019",3.786,
"AUS","INSURANCEEXP","TOT","PC_GDP","A","2020",3.456,
"AUT","INSURANCEEXP","TOT","PC_GDP","A","2000",5.447,
"AUT","INSURANCEEXP","TOT","PC_GDP","A","2001",5.602,
"AUT","INSURANCEEXP","TOT","PC_GDP","A","2002",5.504,
"AUT","INSURANCEEXP","TOT","PC_GDP","A","2003",5.633,
"AUT","INSURANCEEXP","TOT","PC_GDP","A","2004",5.563,
"AUT","INSURANCEEXP","TOT","PC_GDP","A","2005",5.463,
"AUT","INSURANCEEXP","TOT","PC_GDP","A","2006",5.327,
"AUT","INSURANCEEXP","TOT","PC_GDP","A","2007",5.069,
"AUT","INSURANCEEXP","TOT","PC_GDP","A","2008",5.486,
"AUT","INSURANCEEXP","TOT","PC_GDP","A","2009",5.676,
"AUT","INSURANCEEXP","TOT","PC_GDP","A","2010",5.628,
"AUT","INSURANCEEXP","TOT","PC_GDP","A","2011",5.332,
"AUT","INSURANCEEXP","TOT","PC_GDP","A","2012",5.128,
"AUT","INSURANCEEXP","TOT","PC_GDP","A","2013",5.128,
"AUT","INSURANCEEXP","TOT","PC_GDP","A","2014",5.128,
"AUT","INSURANCEEXP","TOT","PC_GDP","A","2015",5.032,
"AUT","INSURANCEEXP","TOT","PC_GDP","A","2016",4.731,
"AUT","INSURANCEEXP","TOT","PC_GDP","A","2017",4.597,
"AUT","INSURANCEEXP","TOT","PC_GDP","A","2018",4.46,
"AUT","INSURANCEEXP","TOT","PC_GDP","A","2019",4.417,
"AUT","INSURANCEEXP","TOT","PC_GDP","A","2020",4.72,
"BEL","INSURANCEEXP","TOT","PC_GDP","A","2000",7.538,
"BEL","INSURANCEEXP","TOT","PC_GDP","A","2001",7.63,
"BEL","INSURANCEEXP","TOT","PC_GDP","A","2002",8.02,
"BEL","INSURANCEEXP","TOT","PC_GDP","A","2003",8.986,
"BEL","INSURANCEEXP","TOT","PC_GDP","A","2004",9.407,
"BEL","INSURANCEEXP","TOT","PC_GDP","A","2005",10.784,
"BEL","INSURANCEEXP","TOT","PC_GDP","A","2006",8.919,
"BEL","INSURANCEEXP","TOT","PC_GDP","A","2007",9.034,
"BEL","INSURANCEEXP","TOT","PC_GDP","A","2008",8.153,
"BEL","INSURANCEEXP","TOT","PC_GDP","A","2009",8.072,
"BEL","INSURANCEEXP","TOT","PC_GDP","A","2010",7.911,
"BEL","INSURANCEEXP","TOT","PC_GDP","A","2011",7.57,
"BEL","INSURANCEEXP","TOT","PC_GDP","A","2012",8.224,
"BEL","INSURANCEEXP","TOT","PC_GDP","A","2013",6.959,
"BEL","INSURANCEEXP","TOT","PC_GDP","A","2014",6.909,
"BEL","INSURANCEEXP","TOT","PC_GDP","A","2015",6.449,
"BEL","INSURANCEEXP","TOT","PC_GDP","A","2016",6.209,
"BEL","INSURANCEEXP","TOT","PC_GDP","A","2017",5.991,
"BEL","INSURANCEEXP","TOT","PC_GDP","A","2018",6.087,
"BEL","INSURANCEEXP","TOT","PC_GDP","A","2019",6.129,
"BEL","INSURANCEEXP","TOT","PC_GDP","A","2020",6.135,
"CAN","INSURANCEEXP","TOT","PC_GDP","A","2000",6.656,
"CAN","INSURANCEEXP","TOT","PC_GDP","A","2001",6.739,
"CAN","INSURANCEEXP","TOT","PC_GDP","A","2002",7.026,
"CAN","INSURANCEEXP","TOT","PC_GDP","A","2003",7.327,
"CAN","INSURANCEEXP","TOT","PC_GDP","A","2004",7.466,
"CAN","INSURANCEEXP","TOT","PC_GDP","A","2005",7.392,
"CAN","INSURANCEEXP","TOT","PC_GDP","A","2006",7.424,
"CAN","INSURANCEEXP","TOT","PC_GDP","A","2007",7.633,
"CAN","INSURANCEEXP","TOT","PC_GDP","A","2008",6.577,
"CAN","INSURANCEEXP","TOT","PC_GDP","A","2009",5.009,
"CAN","INSURANCEEXP","TOT","PC_GDP","A","2010",4.894,
"CAN","INSURANCEEXP","TOT","PC_GDP","A","2011",4.813,
"CAN","INSURANCEEXP","TOT","PC_GDP","A","2012",4.858,
"CAN","INSURANCEEXP","TOT","PC_GDP","A","2013",4.816,
"CAN","INSURANCEEXP","TOT","PC_GDP","A","2014",4.249,
"CAN","INSURANCEEXP","TOT","PC_GDP","A","2015",4.424,
"CAN","INSURANCEEXP","TOT","PC_GDP","A","2016",4.527,
"CAN","INSURANCEEXP","TOT","PC_GDP","A","2017",4.449,
"CAN","INSURANCEEXP","TOT","PC_GDP","A","2018",4.481,
"CZE","INSURANCEEXP","TOT","PC_GDP","A","2000",2.973,
"CZE","INSURANCEEXP","TOT","PC_GDP","A","2001",3.115,
"CZE","INSURANCEEXP","TOT","PC_GDP","A","2002",3.352,
"CZE","INSURANCEEXP","TOT","PC_GDP","A","2003",3.727,
"CZE","INSURANCEEXP","TOT","PC_GDP","A","2004",3.632,
"CZE","INSURANCEEXP","TOT","PC_GDP","A","2005",3.543,
"CZE","INSURANCEEXP","TOT","PC_GDP","A","2006",3.442,
"CZE","INSURANCEEXP","TOT","PC_GDP","A","2007",3.426,
"CZE","INSURANCEEXP","TOT","PC_GDP","A","2008",3.438,
"CZE","INSURANCEEXP","TOT","PC_GDP","A","2009",3.613,
"CZE","INSURANCEEXP","TOT","PC_GDP","A","2010",3.851,
"CZE","INSURANCEEXP","TOT","PC_GDP","A","2011",3.753,
"CZE","INSURANCEEXP","TOT","PC_GDP","A","2012",3.686,
"CZE","INSURANCEEXP","TOT","PC_GDP","A","2013",3.71,
"CZE","INSURANCEEXP","TOT","PC_GDP","A","2014",3.575,
"CZE","INSURANCEEXP","TOT","PC_GDP","A","2015",3.217,
"CZE","INSURANCEEXP","TOT","PC_GDP","A","2016",2.984,
"CZE","INSURANCEEXP","TOT","PC_GDP","A","2017",2.855,
"CZE","INSURANCEEXP","TOT","PC_GDP","A","2018",2.774,
"CZE","INSURANCEEXP","TOT","PC_GDP","A","2019",2.795,
"CZE","INSURANCEEXP","TOT","PC_GDP","A","2020",2.877,
"DNK","INSURANCEEXP","TOT","PC_GDP","A","2000",6.157,
"DNK","INSURANCEEXP","TOT","PC_GDP","A","2001",6.636,
"DNK","INSURANCEEXP","TOT","PC_GDP","A","2002",7.552,
"DNK","INSURANCEEXP","TOT","PC_GDP","A","2003",6.775,
"DNK","INSURANCEEXP","TOT","PC_GDP","A","2004",6.815,
"DNK","INSURANCEEXP","TOT","PC_GDP","A","2005",7.862,
"DNK","INSURANCEEXP","TOT","PC_GDP","A","2006",8.216,
"DNK","INSURANCEEXP","TOT","PC_GDP","A","2007",8.853,
"DNK","INSURANCEEXP","TOT","PC_GDP","A","2008",9.163,
"DNK","INSURANCEEXP","TOT","PC_GDP","A","2011",9.811,
"DNK","INSURANCEEXP","TOT","PC_GDP","A","2012",9.934,
"DNK","INSURANCEEXP","TOT","PC_GDP","A","2013",9.914,
"DNK","INSURANCEEXP","TOT","PC_GDP","A","2014",10.431,
"DNK","INSURANCEEXP","TOT","PC_GDP","A","2015",10.49,
"DNK","INSURANCEEXP","TOT","PC_GDP","A","2016",10.386,
"DNK","INSURANCEEXP","TOT","PC_GDP","A","2017",10.932,
"DNK","INSURANCEEXP","TOT","PC_GDP","A","2018",11.084,
"DNK","INSURANCEEXP","TOT","PC_GDP","A","2019",10.835,
"DNK","INSURANCEEXP","TOT","PC_GDP","A","2020",11.302,
"FIN","INSURANCEEXP","TOT","PC_GDP","A","2000",4.817,
"FIN","INSURANCEEXP","TOT","PC_GDP","A","2001",4.028,
"FIN","INSURANCEEXP","TOT","PC_GDP","A","2002",3.979,
"FIN","INSURANCEEXP","TOT","PC_GDP","A","2003",3.637,
"FIN","INSURANCEEXP","TOT","PC_GDP","A","2004",3.586,
"FIN","INSURANCEEXP","TOT","PC_GDP","A","2005",3.749,
"FIN","INSURANCEEXP","TOT","PC_GDP","A","2006",3.521,
"FIN","INSURANCEEXP","TOT","PC_GDP","A","2007",3.162,
"FIN","INSURANCEEXP","TOT","PC_GDP","A","2008",3.124,
"FIN","INSURANCEEXP","TOT","PC_GDP","A","2009",3.677,
"FIN","INSURANCEEXP","TOT","PC_GDP","A","2010",4.593,
"FIN","INSURANCEEXP","TOT","PC_GDP","A","2011",3.607,
"FIN","INSURANCEEXP","TOT","PC_GDP","A","2012",3.553,
"FIN","INSURANCEEXP","TOT","PC_GDP","A","2013",4.741,
"FIN","INSURANCEEXP","TOT","PC_GDP","A","2014",5.068,
"FIN","INSURANCEEXP","TOT","PC_GDP","A","2015",5.016,
"FIN","INSURANCEEXP","TOT","PC_GDP","A","2016",4.095,
"FIN","INSURANCEEXP","TOT","PC_GDP","A","2017",3.88,
"FIN","INSURANCEEXP","TOT","PC_GDP","A","2018",1.868,
"FIN","INSURANCEEXP","TOT","PC_GDP","A","2019",2.506,
"FIN","INSURANCEEXP","TOT","PC_GDP","A","2020",1.7,
"FRA","INSURANCEEXP","TOT","PC_GDP","A","2000",8.791,
"FRA","INSURANCEEXP","TOT","PC_GDP","A","2001",8.261,
"FRA","INSURANCEEXP","TOT","PC_GDP","A","2002",8.242,
"FRA","INSURANCEEXP","TOT","PC_GDP","A","2003",8.65,
"FRA","INSURANCEEXP","TOT","PC_GDP","A","2004",9.223,
"FRA","INSURANCEEXP","TOT","PC_GDP","A","2005",9.889,
"FRA","INSURANCEEXP","TOT","PC_GDP","A","2006",12.128,
"FRA","INSURANCEEXP","TOT","PC_GDP","A","2007",11.056,
"FRA","INSURANCEEXP","TOT","PC_GDP","A","2008",9.125,
"FRA","INSURANCEEXP","TOT","PC_GDP","A","2009",10.263,
"FRA","INSURANCEEXP","TOT","PC_GDP","A","2010",10.237,
"FRA","INSURANCEEXP","TOT","PC_GDP","A","2011",9.215,
"FRA","INSURANCEEXP","TOT","PC_GDP","A","2012",8.608,
"FRA","INSURANCEEXP","TOT","PC_GDP","A","2013",8.819,
"FRA","INSURANCEEXP","TOT","PC_GDP","A","2014",9.215,
"FRA","INSURANCEEXP","TOT","PC_GDP","A","2015",9.368,
"FRA","INSURANCEEXP","TOT","PC_GDP","A","2016",10.709,
"FRA","INSURANCEEXP","TOT","PC_GDP","A","2017",10.577,
"FRA","INSURANCEEXP","TOT","PC_GDP","A","2018",10.595,
"FRA","INSURANCEEXP","TOT","PC_GDP","A","2019",10.623,
"FRA","INSURANCEEXP","TOT","PC_GDP","A","2020",10.058,
"DEU","INSURANCEEXP","TOT","PC_GDP","A","2000",6.444,
"DEU","INSURANCEEXP","TOT","PC_GDP","A","2001",6.36,
"DEU","INSURANCEEXP","TOT","PC_GDP","A","2002",6.662,
"DEU","INSURANCEEXP","TOT","PC_GDP","A","2003",6.94,
"DEU","INSURANCEEXP","TOT","PC_GDP","A","2004",6.971,
"DEU","INSURANCEEXP","TOT","PC_GDP","A","2005",7.114,
"DEU","INSURANCEEXP","TOT","PC_GDP","A","2006",6.749,
"DEU","INSURANCEEXP","TOT","PC_GDP","A","2007",6.502,
"DEU","INSURANCEEXP","TOT","PC_GDP","A","2008",6.425,
"DEU","INSURANCEEXP","TOT","PC_GDP","A","2012",6.589,
"DEU","INSURANCEEXP","TOT","PC_GDP","A","2013",6.721,
"DEU","INSURANCEEXP","TOT","PC_GDP","A","2014",6.519,
"DEU","INSURANCEEXP","TOT","PC_GDP","A","2015",6.317,
"DEU","INSURANCEEXP","TOT","PC_GDP","A","2016",6.175,
"DEU","INSURANCEEXP","TOT","PC_GDP","A","2017",6.355,
"DEU","INSURANCEEXP","TOT","PC_GDP","A","2018",6.355,
"DEU","INSURANCEEXP","TOT","PC_GDP","A","2019",6.604,
"DEU","INSURANCEEXP","TOT","PC_GDP","A","2020",6.989,
"GRC","INSURANCEEXP","TOT","PC_GDP","A","2000",1.801,
"GRC","INSURANCEEXP","TOT","PC_GDP","A","2001",1.727,
"GRC","INSURANCEEXP","TOT","PC_GDP","A","2002",1.765,
"GRC","INSURANCEEXP","TOT","PC_GDP","A","2003",1.816,
"GRC","INSURANCEEXP","TOT","PC_GDP","A","2004",1.864,
"GRC","INSURANCEEXP","TOT","PC_GDP","A","2005",1.932,
"GRC","INSURANCEEXP","TOT","PC_GDP","A","2006",2.163,
"GRC","INSURANCEEXP","TOT","PC_GDP","A","2007",2.201,
"GRC","INSURANCEEXP","TOT","PC_GDP","A","2008",2.154,
"GRC","INSURANCEEXP","TOT","PC_GDP","A","2010",2.314,
"GRC","INSURANCEEXP","TOT","PC_GDP","A","2011",2.395,
"GRC","INSURANCEEXP","TOT","PC_GDP","A","2012",2.341,
"GRC","INSURANCEEXP","TOT","PC_GDP","A","2013",2.215,
"GRC","INSURANCEEXP","TOT","PC_GDP","A","2014",2.12,
"GRC","INSURANCEEXP","TOT","PC_GDP","A","2015",2.007,
"GRC","INSURANCEEXP","TOT","PC_GDP","A","2016",2.007,
"GRC","INSURANCEEXP","TOT","PC_GDP","A","2017",2.086,
"GRC","INSURANCEEXP","TOT","PC_GDP","A","2018",2.095,
"GRC","INSURANCEEXP","TOT","PC_GDP","A","2019",2.191,
"GRC","INSURANCEEXP","TOT","PC_GDP","A","2020",2.458,
"HUN","INSURANCEEXP","TOT","PC_GDP","A","2000",2.827,
"HUN","INSURANCEEXP","TOT","PC_GDP","A","2001",2.729,
"HUN","INSURANCEEXP","TOT","PC_GDP","A","2002",2.851,
"HUN","INSURANCEEXP","TOT","PC_GDP","A","2003",2.923,
"HUN","INSURANCEEXP","TOT","PC_GDP","A","2004",2.842,
"HUN","INSURANCEEXP","TOT","PC_GDP","A","2005",3.045,
"HUN","INSURANCEEXP","TOT","PC_GDP","A","2006",3.351,
"HUN","INSURANCEEXP","TOT","PC_GDP","A","2007",3.607,
"HUN","INSURANCEEXP","TOT","PC_GDP","A","2008",3.235,
"HUN","INSURANCEEXP","TOT","PC_GDP","A","2009",3.105,
"HUN","INSURANCEEXP","TOT","PC_GDP","A","2010",3.055,
"HUN","INSURANCEEXP","TOT","PC_GDP","A","2011",2.839,
"HUN","INSURANCEEXP","TOT","PC_GDP","A","2012",2.601,
"HUN","INSURANCEEXP","TOT","PC_GDP","A","2013",2.609,
"HUN","INSURANCEEXP","TOT","PC_GDP","A","2014",2.524,
"HUN","INSURANCEEXP","TOT","PC_GDP","A","2015",2.367,
"HUN","INSURANCEEXP","TOT","PC_GDP","A","2016",2.425,
"HUN","INSURANCEEXP","TOT","PC_GDP","A","2017",2.401,
"HUN","INSURANCEEXP","TOT","PC_GDP","A","2018",2.322,
"HUN","INSURANCEEXP","TOT","PC_GDP","A","2019",2.395,
"HUN","INSURANCEEXP","TOT","PC_GDP","A","2020",2.504,
"ISL","INSURANCEEXP","TOT","PC_GDP","A","2000",2.658,
"ISL","INSURANCEEXP","TOT","PC_GDP","A","2001",2.823,
"ISL","INSURANCEEXP","TOT","PC_GDP","A","2002",2.87,
"ISL","INSURANCEEXP","TOT","PC_GDP","A","2003",3.144,
"ISL","INSURANCEEXP","TOT","PC_GDP","A","2004",2.807,
"ISL","INSURANCEEXP","TOT","PC_GDP","A","2006",2.674,
"ISL","INSURANCEEXP","TOT","PC_GDP","A","2007",2.66,
"ISL","INSURANCEEXP","TOT","PC_GDP","A","2008",2.536,
"ISL","INSURANCEEXP","TOT","PC_GDP","A","2009",2.088,
"ISL","INSURANCEEXP","TOT","PC_GDP","A","2010",2.752,
"ISL","INSURANCEEXP","TOT","PC_GDP","A","2011",2.676,
"ISL","INSURANCEEXP","TOT","PC_GDP","A","2012",2.673,
"ISL","INSURANCEEXP","TOT","PC_GDP","A","2013",2.535,
"ISL","INSURANCEEXP","TOT","PC_GDP","A","2014",2.424,
"ISL","INSURANCEEXP","TOT","PC_GDP","A","2015",2.338,
"ISL","INSURANCEEXP","TOT","PC_GDP","A","2016",2.3,
"ISL","INSURANCEEXP","TOT","PC_GDP","A","2017",2.436,
"ISL","INSURANCEEXP","TOT","PC_GDP","A","2018",2.437,
"ISL","INSURANCEEXP","TOT","PC_GDP","A","2019",2.419,
"ISL","INSURANCEEXP","TOT","PC_GDP","A","2020",2.505,
"IRL","INSURANCEEXP","TOT","PC_GDP","A","2000",20.102,
"IRL","INSURANCEEXP","TOT","PC_GDP","A","2001",13.444,
"IRL","INSURANCEEXP","TOT","PC_GDP","A","2003",14.854,
"IRL","INSURANCEEXP","TOT","PC_GDP","A","2004",16.825,
"IRL","INSURANCEEXP","TOT","PC_GDP","A","2005",18.015,
"IRL","INSURANCEEXP","TOT","PC_GDP","A","2006",19.522,
"IRL","INSURANCEEXP","TOT","PC_GDP","A","2007",23.056,
"IRL","INSURANCEEXP","TOT","PC_GDP","A","2008",18.988,
"IRL","INSURANCEEXP","TOT","PC_GDP","A","2009",19.601,
"IRL","INSURANCEEXP","TOT","PC_GDP","A","2010",20.178,
"IRL","INSURANCEEXP","TOT","PC_GDP","A","2011",18.37,
"IRL","INSURANCEEXP","TOT","PC_GDP","A","2012",19.812,
"IRL","INSURANCEEXP","TOT","PC_GDP","A","2013",18.669,
"IRL","INSURANCEEXP","TOT","PC_GDP","A","2014",19.917,
"IRL","INSURANCEEXP","TOT","PC_GDP","A","2015",16.416,
"IRL","INSURANCEEXP","TOT","PC_GDP","A","2016",17.728,
"IRL","INSURANCEEXP","TOT","PC_GDP","A","2017",14.682,
"IRL","INSURANCEEXP","TOT","PC_GDP","A","2018",12.124,
"IRL","INSURANCEEXP","TOT","PC_GDP","A","2019",11.772,
"IRL","INSURANCEEXP","TOT","PC_GDP","A","2020",10.437,
"ITA","INSURANCEEXP","TOT","PC_GDP","A","2000",5.551,
"ITA","INSURANCEEXP","TOT","PC_GDP","A","2001",5.931,
"ITA","INSURANCEEXP","TOT","PC_GDP","A","2002",6.588,
"ITA","INSURANCEEXP","TOT","PC_GDP","A","2003",7.046,
"ITA","INSURANCEEXP","TOT","PC_GDP","A","2004",7.09,
"ITA","INSURANCEEXP","TOT","PC_GDP","A","2005",7.566,
"ITA","INSURANCEEXP","TOT","PC_GDP","A","2006",7.185,
"ITA","INSURANCEEXP","TOT","PC_GDP","A","2007",6.416,
"ITA","INSURANCEEXP","TOT","PC_GDP","A","2008",5.825,
"ITA","INSURANCEEXP","TOT","PC_GDP","A","2009",7.453,
"ITA","INSURANCEEXP","TOT","PC_GDP","A","2010",7.788,
"ITA","INSURANCEEXP","TOT","PC_GDP","A","2011",6.67,
"ITA","INSURANCEEXP","TOT","PC_GDP","A","2012",6.455,
"ITA","INSURANCEEXP","TOT","PC_GDP","A","2013",7.346,
"ITA","INSURANCEEXP","TOT","PC_GDP","A","2014",8.787,
"ITA","INSURANCEEXP","TOT","PC_GDP","A","2015",8.864,
"ITA","INSURANCEEXP","TOT","PC_GDP","A","2016",7.901,
"ITA","INSURANCEEXP","TOT","PC_GDP","A","2017",7.525,
"ITA","INSURANCEEXP","TOT","PC_GDP","A","2018",7.646,
"ITA","INSURANCEEXP","TOT","PC_GDP","A","2019",7.814,
"ITA","INSURANCEEXP","TOT","PC_GDP","A","2020",8.142,
"JPN","INSURANCEEXP","TOT","PC_GDP","A","2000",7.128,
"JPN","INSURANCEEXP","TOT","PC_GDP","A","2001",6.648,
"JPN","INSURANCEEXP","TOT","PC_GDP","A","2002",6.637,
"JPN","INSURANCEEXP","TOT","PC_GDP","A","2003",6.703,
"JPN","INSURANCEEXP","TOT","PC_GDP","A","2004",6.566,
"JPN","INSURANCEEXP","TOT","PC_GDP","A","2005",6.811,
"JPN","INSURANCEEXP","TOT","PC_GDP","A","2006",6.707,
"JPN","INSURANCEEXP","TOT","PC_GDP","A","2007",7.217,
"JPN","INSURANCEEXP","TOT","PC_GDP","A","2008",7.93,
"JPN","INSURANCEEXP","TOT","PC_GDP","A","2009",8.443,
"JPN","INSURANCEEXP","TOT","PC_GDP","A","2010",8.296,
"JPN","INSURANCEEXP","TOT","PC_GDP","A","2011",8.72,
"JPN","INSURANCEEXP","TOT","PC_GDP","A","2012",6.684,
"JPN","INSURANCEEXP","TOT","PC_GDP","A","2013",6.325,
"JPN","INSURANCEEXP","TOT","PC_GDP","A","2014",6.779,
"JPN","INSURANCEEXP","TOT","PC_GDP","A","2015",6.727,
"JPN","INSURANCEEXP","TOT","PC_GDP","A","2016",7.612,
"JPN","INSURANCEEXP","TOT","PC_GDP","A","2017",7.34,
"JPN","INSURANCEEXP","TOT","PC_GDP","A","2018",7.663,
"JPN","INSURANCEEXP","TOT","PC_GDP","A","2019",7.224,
"JPN","INSURANCEEXP","TOT","PC_GDP","A","2020",7.125,
"KOR","INSURANCEEXP","TOT","PC_GDP","A","2000",10.746,
"KOR","INSURANCEEXP","TOT","PC_GDP","A","2001",9.345,
"KOR","INSURANCEEXP","TOT","PC_GDP","A","2002",8.88,
"KOR","INSURANCEEXP","TOT","PC_GDP","A","2003",8.511,
"KOR","INSURANCEEXP","TOT","PC_GDP","A","2004",8.411,
"KOR","INSURANCEEXP","TOT","PC_GDP","A","2005",9.026,
"KOR","INSURANCEEXP","TOT","PC_GDP","A","2006",9.551,
"KOR","INSURANCEEXP","TOT","PC_GDP","A","2007",9.795,
"KOR","INSURANCEEXP","TOT","PC_GDP","A","2008",9.625,
"KOR","INSURANCEEXP","TOT","PC_GDP","A","2009",9.743,
"KOR","INSURANCEEXP","TOT","PC_GDP","A","2010",9.92,
"KOR","INSURANCEEXP","TOT","PC_GDP","A","2011",10.408,
"KOR","INSURANCEEXP","TOT","PC_GDP","A","2012",12.135,
"KOR","INSURANCEEXP","TOT","PC_GDP","A","2013",11.704,
"KOR","INSURANCEEXP","TOT","PC_GDP","A","2014",11.974,
"KOR","INSURANCEEXP","TOT","PC_GDP","A","2015",11.894,
"KOR","INSURANCEEXP","TOT","PC_GDP","A","2016",11.737,
"KOR","INSURANCEEXP","TOT","PC_GDP","A","2017",11.021,
"KOR","INSURANCEEXP","TOT","PC_GDP","A","2018",10.487,
"KOR","INSURANCEEXP","TOT","PC_GDP","A","2019",11.091,
"KOR","INSURANCEEXP","TOT","PC_GDP","A","2020",11.531,
"LUX","INSURANCEEXP","TOT","PC_GDP","A","2000",27.216,
"LUX","INSURANCEEXP","TOT","PC_GDP","A","2001",25.661,
"LUX","INSURANCEEXP","TOT","PC_GDP","A","2002",24.322,
"LUX","INSURANCEEXP","TOT","PC_GDP","A","2003",25.391,
"LUX","INSURANCEEXP","TOT","PC_GDP","A","2004",28.727,
"LUX","INSURANCEEXP","TOT","PC_GDP","A","2005",33.762,
"LUX","INSURANCEEXP","TOT","PC_GDP","A","2006",34.541,
"LUX","INSURANCEEXP","TOT","PC_GDP","A","2007",30.103,
"LUX","INSURANCEEXP","TOT","PC_GDP","A","2008",28.425,
"LUX","INSURANCEEXP","TOT","PC_GDP","A","2009",44.853,
"LUX","INSURANCEEXP","TOT","PC_GDP","A","2010",51.204,
"LUX","INSURANCEEXP","TOT","PC_GDP","A","2011",31.316,
"LUX","INSURANCEEXP","TOT","PC_GDP","A","2012",43.829,
"LUX","INSURANCEEXP","TOT","PC_GDP","A","2013",39.624,
"LUX","INSURANCEEXP","TOT","PC_GDP","A","2014",43.203,
"LUX","INSURANCEEXP","TOT","PC_GDP","A","2015",36.553,
"LUX","INSURANCEEXP","TOT","PC_GDP","A","2016",33.292,
"LUX","INSURANCEEXP","TOT","PC_GDP","A","2017",37.793,
"LUX","INSURANCEEXP","TOT","PC_GDP","A","2018",34.521,
"LUX","INSURANCEEXP","TOT","PC_GDP","A","2019",37.358,
"LUX","INSURANCEEXP","TOT","PC_GDP","A","2020",30.89,
"MEX","INSURANCEEXP","TOT","PC_GDP","A","2000",1.692,
"MEX","INSURANCEEXP","TOT","PC_GDP","A","2001",1.488,
"MEX","INSURANCEEXP","TOT","PC_GDP","A","2002",1.673,
"MEX","INSURANCEEXP","TOT","PC_GDP","A","2003",1.497,
"MEX","INSURANCEEXP","TOT","PC_GDP","A","2004",1.564,
"MEX","INSURANCEEXP","TOT","PC_GDP","A","2005",1.447,
"MEX","INSURANCEEXP","TOT","PC_GDP","A","2006",1.539,
"MEX","INSURANCEEXP","TOT","PC_GDP","A","2007",1.654,
"MEX","INSURANCEEXP","TOT","PC_GDP","A","2008",1.67,
"MEX","INSURANCEEXP","TOT","PC_GDP","A","2009",1.915,
"MEX","INSURANCEEXP","TOT","PC_GDP","A","2010",1.818,
"MEX","INSURANCEEXP","TOT","PC_GDP","A","2011",1.883,
"MEX","INSURANCEEXP","TOT","PC_GDP","A","2012",1.929,
"MEX","INSURANCEEXP","TOT","PC_GDP","A","2013",2.097,
"MEX","INSURANCEEXP","TOT","PC_GDP","A","2014",2.042,
"MEX","INSURANCEEXP","TOT","PC_GDP","A","2015",2.092,
"MEX","INSURANCEEXP","TOT","PC_GDP","A","2016",2.203,
"MEX","INSURANCEEXP","TOT","PC_GDP","A","2017",2.253,
"MEX","INSURANCEEXP","TOT","PC_GDP","A","2018",2.273,
"MEX","INSURANCEEXP","TOT","PC_GDP","A","2019",2.426,
"MEX","INSURANCEEXP","TOT","PC_GDP","A","2020",2.569,
"NLD","INSURANCEEXP","TOT","PC_GDP","A","2000",8.915,
"NLD","INSURANCEEXP","TOT","PC_GDP","A","2001",9.021,
"NLD","INSURANCEEXP","TOT","PC_GDP","A","2002",8.676,
"NLD","INSURANCEEXP","TOT","PC_GDP","A","2003",8.917,
"NLD","INSURANCEEXP","TOT","PC_GDP","A","2004",9.105,
"NLD","INSURANCEEXP","TOT","PC_GDP","A","2005",8.748,
"NLD","INSURANCEEXP","TOT","PC_GDP","A","2006",7.802,
"NLD","INSURANCEEXP","TOT","PC_GDP","A","2007",7.616,
"NLD","INSURANCEEXP","TOT","PC_GDP","A","2008",7.447,
"NLD","INSURANCEEXP","TOT","PC_GDP","A","2009",7.19,
"NLD","INSURANCEEXP","TOT","PC_GDP","A","2010",5.752,
"NLD","INSURANCEEXP","TOT","PC_GDP","A","2011",6.431,
"NLD","INSURANCEEXP","TOT","PC_GDP","A","2012",6.028,
"NLD","INSURANCEEXP","TOT","PC_GDP","A","2013",5.743,
"NLD","INSURANCEEXP","TOT","PC_GDP","A","2014",5.368,
"NLD","INSURANCEEXP","TOT","PC_GDP","A","2015",4.804,
"NLD","INSURANCEEXP","TOT","PC_GDP","A","2016",9.815,
"NLD","INSURANCEEXP","TOT","PC_GDP","A","2017",9.476,
"NLD","INSURANCEEXP","TOT","PC_GDP","A","2018",9.343,
"NLD","INSURANCEEXP","TOT","PC_GDP","A","2019",9.222,
"NLD","INSURANCEEXP","TOT","PC_GDP","A","2020",9.591,
"NZL","INSURANCEEXP","TOT","PC_GDP","A","2000",2.455,
"NZL","INSURANCEEXP","TOT","PC_GDP","A","2001",2.474,
"NZL","INSURANCEEXP","TOT","PC_GDP","A","2003",2.213,
"NZL","INSURANCEEXP","TOT","PC_GDP","A","2004",2.701,
"NZL","INSURANCEEXP","TOT","PC_GDP","A","2005",2.771,
"NZL","INSURANCEEXP","TOT","PC_GDP","A","2006",2.705,
"NZL","INSURANCEEXP","TOT","PC_GDP","A","2007",2.572,
"NZL","INSURANCEEXP","TOT","PC_GDP","A","2008",2.346,
"NZL","INSURANCEEXP","TOT","PC_GDP","A","2009",2.439,
"NZL","INSURANCEEXP","TOT","PC_GDP","A","2010",2.37,
"NZL","INSURANCEEXP","TOT","PC_GDP","A","2012",2.625,
"NZL","INSURANCEEXP","TOT","PC_GDP","A","2013",2.863,
"NZL","INSURANCEEXP","TOT","PC_GDP","A","2014",2.645,
"NZL","INSURANCEEXP","TOT","PC_GDP","A","2015",2.516,
"NZL","INSURANCEEXP","TOT","PC_GDP","A","2016",2.47,
"NZL","INSURANCEEXP","TOT","PC_GDP","A","2017",2.354,
"NZL","INSURANCEEXP","TOT","PC_GDP","A","2019",3.419,
"NZL","INSURANCEEXP","TOT","PC_GDP","A","2020",2.992,
"NOR","INSURANCEEXP","TOT","PC_GDP","A","2000",4.356,
"NOR","INSURANCEEXP","TOT","PC_GDP","A","2001",4.744,
"NOR","INSURANCEEXP","TOT","PC_GDP","A","2002",5.228,
"NOR","INSURANCEEXP","TOT","PC_GDP","A","2003",5.524,
"NOR","INSURANCEEXP","TOT","PC_GDP","A","2004",5.704,
"NOR","INSURANCEEXP","TOT","PC_GDP","A","2005",5.545,
"NOR","INSURANCEEXP","TOT","PC_GDP","A","2006",4.693,
"NOR","INSURANCEEXP","TOT","PC_GDP","A","2007",4.927,
"NOR","INSURANCEEXP","TOT","PC_GDP","A","2008",5.226,
"NOR","INSURANCEEXP","TOT","PC_GDP","A","2009",5.499,
"NOR","INSURANCEEXP","TOT","PC_GDP","A","2010",4.798,
"NOR","INSURANCEEXP","TOT","PC_GDP","A","2011",4.775,
"NOR","INSURANCEEXP","TOT","PC_GDP","A","2012",5.054,
"NOR","INSURANCEEXP","TOT","PC_GDP","A","2013",4.885,
"NOR","INSURANCEEXP","TOT","PC_GDP","A","2014",5.309,
"NOR","INSURANCEEXP","TOT","PC_GDP","A","2015",5.352,
"NOR","INSURANCEEXP","TOT","PC_GDP","A","2016",5.657,
"NOR","INSURANCEEXP","TOT","PC_GDP","A","2017",5.122,
"NOR","INSURANCEEXP","TOT","PC_GDP","A","2018",5.033,
"NOR","INSURANCEEXP","TOT","PC_GDP","A","2019",5.441,
"NOR","INSURANCEEXP","TOT","PC_GDP","A","2020",5.884,
"POL","INSURANCEEXP","TOT","PC_GDP","A","2000",2.754,
"POL","INSURANCEEXP","TOT","PC_GDP","A","2001",2.835,
"POL","INSURANCEEXP","TOT","PC_GDP","A","2002",2.76,
"POL","INSURANCEEXP","TOT","PC_GDP","A","2003",2.896,
"POL","INSURANCEEXP","TOT","PC_GDP","A","2004",2.913,
"POL","INSURANCEEXP","TOT","PC_GDP","A","2005",3.083,
"POL","INSURANCEEXP","TOT","PC_GDP","A","2006",3.468,
"POL","INSURANCEEXP","TOT","PC_GDP","A","2007",3.64,
"POL","INSURANCEEXP","TOT","PC_GDP","A","2008",4.575,
"POL","INSURANCEEXP","TOT","PC_GDP","A","2009",3.706,
"POL","INSURANCEEXP","TOT","PC_GDP","A","2010",3.704,
"POL","INSURANCEEXP","TOT","PC_GDP","A","2011",3.618,
"POL","INSURANCEEXP","TOT","PC_GDP","A","2012",3.819,
"POL","INSURANCEEXP","TOT","PC_GDP","A","2013",3.471,
"POL","INSURANCEEXP","TOT","PC_GDP","A","2014",3.176,
"POL","INSURANCEEXP","TOT","PC_GDP","A","2015",2.962,
"POL","INSURANCEEXP","TOT","PC_GDP","A","2016",2.901,
"POL","INSURANCEEXP","TOT","PC_GDP","A","2017",3.032,
"POL","INSURANCEEXP","TOT","PC_GDP","A","2018",2.821,
"POL","INSURANCEEXP","TOT","PC_GDP","A","2019",2.658,
"POL","INSURANCEEXP","TOT","PC_GDP","A","2020",2.603,
"PRT","INSURANCEEXP","TOT","PC_GDP","A","2000",6.063,
"PRT","INSURANCEEXP","TOT","PC_GDP","A","2001",5.684,
"PRT","INSURANCEEXP","TOT","PC_GDP","A","2002",5.811,
"PRT","INSURANCEEXP","TOT","PC_GDP","A","2003",6.358,
"PRT","INSURANCEEXP","TOT","PC_GDP","A","2004",6.676,
"PRT","INSURANCEEXP","TOT","PC_GDP","A","2005",8.34,
"PRT","INSURANCEEXP","TOT","PC_GDP","A","2006",7.657,
"PRT","INSURANCEEXP","TOT","PC_GDP","A","2007",7.605,
"PRT","INSURANCEEXP","TOT","PC_GDP","A","2008",8.362,
"PRT","INSURANCEEXP","TOT","PC_GDP","A","2009",7.868,
"PRT","INSURANCEEXP","TOT","PC_GDP","A","2010",8.603,
"PRT","INSURANCEEXP","TOT","PC_GDP","A","2011",6.146,
"PRT","INSURANCEEXP","TOT","PC_GDP","A","2012",6.017,
"PRT","INSURANCEEXP","TOT","PC_GDP","A","2013",7.249,
"PRT","INSURANCEEXP","TOT","PC_GDP","A","2014",7.848,
"PRT","INSURANCEEXP","TOT","PC_GDP","A","2015",6.718,
"PRT","INSURANCEEXP","TOT","PC_GDP","A","2016",5.553,
"PRT","INSURANCEEXP","TOT","PC_GDP","A","2017",5.535,
"PRT","INSURANCEEXP","TOT","PC_GDP","A","2018",5.812,
"PRT","INSURANCEEXP","TOT","PC_GDP","A","2019",5.263,
"PRT","INSURANCEEXP","TOT","PC_GDP","A","2020",4.437,
"SVK","INSURANCEEXP","TOT","PC_GDP","A","2000",2.046,
"SVK","INSURANCEEXP","TOT","PC_GDP","A","2001",2.161,
"SVK","INSURANCEEXP","TOT","PC_GDP","A","2002",2.296,
"SVK","INSURANCEEXP","TOT","PC_GDP","A","2004",2.59,
"SVK","INSURANCEEXP","TOT","PC_GDP","A","2006",2.555,
"SVK","INSURANCEEXP","TOT","PC_GDP","A","2007",2.688,
"SVK","INSURANCEEXP","TOT","PC_GDP","A","2008",2.976,
"SVK","INSURANCEEXP","TOT","PC_GDP","A","2009",3.223,
"SVK","INSURANCEEXP","TOT","PC_GDP","A","2010",3.097,
"SVK","INSURANCEEXP","TOT","PC_GDP","A","2011",2.994,
"SVK","INSURANCEEXP","TOT","PC_GDP","A","2012",2.903,
"SVK","INSURANCEEXP","TOT","PC_GDP","A","2013",2.965,
"SVK","INSURANCEEXP","TOT","PC_GDP","A","2014",2.906,
"SVK","INSURANCEEXP","TOT","PC_GDP","A","2015",2.659,
"SVK","INSURANCEEXP","TOT","PC_GDP","A","2017",5.277,
"SVK","INSURANCEEXP","TOT","PC_GDP","A","2019",2.686,
"SVK","INSURANCEEXP","TOT","PC_GDP","A","2020",2.663,
"ESP","INSURANCEEXP","TOT","PC_GDP","A","2000",6.333,
"ESP","INSURANCEEXP","TOT","PC_GDP","A","2001",5.949,
"ESP","INSURANCEEXP","TOT","PC_GDP","A","2002",6.412,
"ESP","INSURANCEEXP","TOT","PC_GDP","A","2003",5.234,
"ESP","INSURANCEEXP","TOT","PC_GDP","A","2004",5.287,
"ESP","INSURANCEEXP","TOT","PC_GDP","A","2005",5.269,
"ESP","INSURANCEEXP","TOT","PC_GDP","A","2006",5.295,
"ESP","INSURANCEEXP","TOT","PC_GDP","A","2007",5.065,
"ESP","INSURANCEEXP","TOT","PC_GDP","A","2008",5.344,
"ESP","INSURANCEEXP","TOT","PC_GDP","A","2009",5.621,
"ESP","INSURANCEEXP","TOT","PC_GDP","A","2010",5.261,
"ESP","INSURANCEEXP","TOT","PC_GDP","A","2011",5.484,
"ESP","INSURANCEEXP","TOT","PC_GDP","A","2012",5.357,
"ESP","INSURANCEEXP","TOT","PC_GDP","A","2013",5.257,
"ESP","INSURANCEEXP","TOT","PC_GDP","A","2014",5.151,
"ESP","INSURANCEEXP","TOT","PC_GDP","A","2015",5.028,
"ESP","INSURANCEEXP","TOT","PC_GDP","A","2016",5.487,
"ESP","INSURANCEEXP","TOT","PC_GDP","A","2017",5.201,
"ESP","INSURANCEEXP","TOT","PC_GDP","A","2018",5.093,
"ESP","INSURANCEEXP","TOT","PC_GDP","A","2019",4.89,
"ESP","INSURANCEEXP","TOT","PC_GDP","A","2020",4.979,
"SWE","INSURANCEEXP","TOT","PC_GDP","A","2000",7.78,
"SWE","INSURANCEEXP","TOT","PC_GDP","A","2001",7.753,
"SWE","INSURANCEEXP","TOT","PC_GDP","A","2003",7.063,
"SWE","INSURANCEEXP","TOT","PC_GDP","A","2004",7.344,
"SWE","INSURANCEEXP","TOT","PC_GDP","A","2005",7.572,
"SWE","INSURANCEEXP","TOT","PC_GDP","A","2006",6.859,
"SWE","INSURANCEEXP","TOT","PC_GDP","A","2007",5.925,
"SWE","INSURANCEEXP","TOT","PC_GDP","A","2008",5.647,
"SWE","INSURANCEEXP","TOT","PC_GDP","A","2009",5.354,
"SWE","INSURANCEEXP","TOT","PC_GDP","A","2010",4.794,
"SWE","INSURANCEEXP","TOT","PC_GDP","A","2011",4.593,
"SWE","INSURANCEEXP","TOT","PC_GDP","A","2012",4.11,
"SWE","INSURANCEEXP","TOT","PC_GDP","A","2013",4.345,
"SWE","INSURANCEEXP","TOT","PC_GDP","A","2014",8.219,
"SWE","INSURANCEEXP","TOT","PC_GDP","A","2015",7.725,
"SWE","INSURANCEEXP","TOT","PC_GDP","A","2016",7.358,
"SWE","INSURANCEEXP","TOT","PC_GDP","A","2017",7.946,
"SWE","INSURANCEEXP","TOT","PC_GDP","A","2018",8.557,
"SWE","INSURANCEEXP","TOT","PC_GDP","A","2019",8.845,
"SWE","INSURANCEEXP","TOT","PC_GDP","A","2020",9.265,
"CHE","INSURANCEEXP","TOT","PC_GDP","A","2000",11.031,
"CHE","INSURANCEEXP","TOT","PC_GDP","A","2001",11.712,
"CHE","INSURANCEEXP","TOT","PC_GDP","A","2002",12.028,
"CHE","INSURANCEEXP","TOT","PC_GDP","A","2003",10.97,
"CHE","INSURANCEEXP","TOT","PC_GDP","A","2004",10.403,
"CHE","INSURANCEEXP","TOT","PC_GDP","A","2005",9.657,
"CHE","INSURANCEEXP","TOT","PC_GDP","A","2006",8.867,
"CHE","INSURANCEEXP","TOT","PC_GDP","A","2007",8.5,
"CHE","INSURANCEEXP","TOT","PC_GDP","A","2008",9.372,
"CHE","INSURANCEEXP","TOT","PC_GDP","A","2009",8.827,
"CHE","INSURANCEEXP","TOT","PC_GDP","A","2010",8.716,
"CHE","INSURANCEEXP","TOT","PC_GDP","A","2011",8.686,
"CHE","INSURANCEEXP","TOT","PC_GDP","A","2012",8.775,
"CHE","INSURANCEEXP","TOT","PC_GDP","A","2013",8.908,
"CHE","INSURANCEEXP","TOT","PC_GDP","A","2014",8.747,
"CHE","INSURANCEEXP","TOT","PC_GDP","A","2015",8.748,
"CHE","INSURANCEEXP","TOT","PC_GDP","A","2016",8.41,
"CHE","INSURANCEEXP","TOT","PC_GDP","A","2017",8.252,
"CHE","INSURANCEEXP","TOT","PC_GDP","A","2018",8.027,
"CHE","INSURANCEEXP","TOT","PC_GDP","A","2019",8.035,
"CHE","INSURANCEEXP","TOT","PC_GDP","A","2020",7.648,
"TUR","INSURANCEEXP","TOT","PC_GDP","A","2000",1.161,
"TUR","INSURANCEEXP","TOT","PC_GDP","A","2001",1.106,
"TUR","INSURANCEEXP","TOT","PC_GDP","A","2002",1.008,
"TUR","INSURANCEEXP","TOT","PC_GDP","A","2003",1.054,
"TUR","INSURANCEEXP","TOT","PC_GDP","A","2004",1.136,
"TUR","INSURANCEEXP","TOT","PC_GDP","A","2005",1.038,
"TUR","INSURANCEEXP","TOT","PC_GDP","A","2006",1.009,
"TUR","INSURANCEEXP","TOT","PC_GDP","A","2007",1.231,
"TUR","INSURANCEEXP","TOT","PC_GDP","A","2010",1.232,
"TUR","INSURANCEEXP","TOT","PC_GDP","A","2011",1.182,
"TUR","INSURANCEEXP","TOT","PC_GDP","A","2012",1.257,
"TUR","INSURANCEEXP","TOT","PC_GDP","A","2013",1.343,
"TUR","INSURANCEEXP","TOT","PC_GDP","A","2014",1.246,
"TUR","INSURANCEEXP","TOT","PC_GDP","A","2015",1.321,
"TUR","INSURANCEEXP","TOT","PC_GDP","A","2016",1.485,
"TUR","INSURANCEEXP","TOT","PC_GDP","A","2017",1.431,
"TUR","INSURANCEEXP","TOT","PC_GDP","A","2018",1.332,
"TUR","INSURANCEEXP","TOT","PC_GDP","A","2019",1.434,
"TUR","INSURANCEEXP","TOT","PC_GDP","A","2020",1.52,
"GBR","INSURANCEEXP","TOT","PC_GDP","A","2000",14.783,
"GBR","INSURANCEEXP","TOT","PC_GDP","A","2001",13.219,
"GBR","INSURANCEEXP","TOT","PC_GDP","A","2002",13.167,
"GBR","INSURANCEEXP","TOT","PC_GDP","A","2003",13.531,
"GBR","INSURANCEEXP","TOT","PC_GDP","A","2004",13.025,
"GBR","INSURANCEEXP","TOT","PC_GDP","A","2005",13.142,
"GBR","INSURANCEEXP","TOT","PC_GDP","A","2006",18.38,
"GBR","INSURANCEEXP","TOT","PC_GDP","A","2007",19.769,
"GBR","INSURANCEEXP","TOT","PC_GDP","A","2008",14.774,
"GBR","INSURANCEEXP","TOT","PC_GDP","A","2009",13.408,
"GBR","INSURANCEEXP","TOT","PC_GDP","A","2010",12.354,
"GBR","INSURANCEEXP","TOT","PC_GDP","A","2011",11.745,
"GBR","INSURANCEEXP","TOT","PC_GDP","A","2012",12.523,
"GBR","INSURANCEEXP","TOT","PC_GDP","A","2013",11.041,
"GBR","INSURANCEEXP","TOT","PC_GDP","A","2014",10.743,
"GBR","INSURANCEEXP","TOT","PC_GDP","A","2015",10.209,
"GBR","INSURANCEEXP","TOT","PC_GDP","A","2016",9.627,
"GBR","INSURANCEEXP","TOT","PC_GDP","A","2017",12.706,
"GBR","INSURANCEEXP","TOT","PC_GDP","A","2018",13.188,
"GBR","INSURANCEEXP","TOT","PC_GDP","A","2019",11.903,
"GBR","INSURANCEEXP","TOT","PC_GDP","A","2020",11.374,
"USA","INSURANCEEXP","TOT","PC_GDP","A","2000",10.273,
"USA","INSURANCEEXP","TOT","PC_GDP","A","2001",10.059,
"USA","INSURANCEEXP","TOT","PC_GDP","A","2002",10.169,
"USA","INSURANCEEXP","TOT","PC_GDP","A","2003",10.512,
"USA","INSURANCEEXP","TOT","PC_GDP","A","2004",10.398,
"USA","INSURANCEEXP","TOT","PC_GDP","A","2005",10.238,
"USA","INSURANCEEXP","TOT","PC_GDP","A","2006",10.301,
"USA","INSURANCEEXP","TOT","PC_GDP","A","2007",10.807,
"USA","INSURANCEEXP","TOT","PC_GDP","A","2008",10.833,
"USA","INSURANCEEXP","TOT","PC_GDP","A","2009",11.083,
"USA","INSURANCEEXP","TOT","PC_GDP","A","2010",10.76,
"USA","INSURANCEEXP","TOT","PC_GDP","A","2011",10.985,
"USA","INSURANCEEXP","TOT","PC_GDP","A","2012",11.118,
"USA","INSURANCEEXP","TOT","PC_GDP","A","2013",10.679,
"USA","INSURANCEEXP","TOT","PC_GDP","A","2014",10.838,
"USA","INSURANCEEXP","TOT","PC_GDP","A","2015",11.114,
"USA","INSURANCEEXP","TOT","PC_GDP","A","2016",11.238,
"USA","INSURANCEEXP","TOT","PC_GDP","A","2017",11.218,
"USA","INSURANCEEXP","TOT","PC_GDP","A","2018",11.294,
"USA","INSURANCEEXP","TOT","PC_GDP","A","2019",11.526,
"USA","INSURANCEEXP","TOT","PC_GDP","A","2020",12.527,
"ARG","INSURANCEEXP","TOT","PC_GDP","A","2012",2.251,
"ARG","INSURANCEEXP","TOT","PC_GDP","A","2013",2.408,
"ARG","INSURANCEEXP","TOT","PC_GDP","A","2014",2.378,
"ARG","INSURANCEEXP","TOT","PC_GDP","A","2015",2.575,
"ARG","INSURANCEEXP","TOT","PC_GDP","A","2016",2.565,
"ARG","INSURANCEEXP","TOT","PC_GDP","A","2017",2.554,
"ARG","INSURANCEEXP","TOT","PC_GDP","A","2018",2.318,
"ARG","INSURANCEEXP","TOT","PC_GDP","A","2019",2.09,
"ARG","INSURANCEEXP","TOT","PC_GDP","A","2020",2.554,
"BRA","INSURANCEEXP","TOT","PC_GDP","A","2011",2.399,
"BRA","INSURANCEEXP","TOT","PC_GDP","A","2012",2.688,
"BRA","INSURANCEEXP","TOT","PC_GDP","A","2013",2.726,
"BRA","INSURANCEEXP","TOT","PC_GDP","A","2014",2.844,
"BRA","INSURANCEEXP","TOT","PC_GDP","A","2015",3.08,
"BRA","INSURANCEEXP","TOT","PC_GDP","A","2016",3.281,
"BRA","INSURANCEEXP","TOT","PC_GDP","A","2017",3.219,
"BRA","INSURANCEEXP","TOT","PC_GDP","A","2018",3.206,
"BRA","INSURANCEEXP","TOT","PC_GDP","A","2019",3.354,
"BRA","INSURANCEEXP","TOT","PC_GDP","A","2020",3.369,
"CHL","INSURANCEEXP","TOT","PC_GDP","A","2006",3.063,
"CHL","INSURANCEEXP","TOT","PC_GDP","A","2009",3.611,
"CHL","INSURANCEEXP","TOT","PC_GDP","A","2010",3.792,
"CHL","INSURANCEEXP","TOT","PC_GDP","A","2011",3.834,
"CHL","INSURANCEEXP","TOT","PC_GDP","A","2012",4.21,
"CHL","INSURANCEEXP","TOT","PC_GDP","A","2013",4.208,
"CHL","INSURANCEEXP","TOT","PC_GDP","A","2014",4.188,
"CHL","INSURANCEEXP","TOT","PC_GDP","A","2015",4.643,
"CHL","INSURANCEEXP","TOT","PC_GDP","A","2016",4.896,
"CHL","INSURANCEEXP","TOT","PC_GDP","A","2017",4.6,
"CHL","INSURANCEEXP","TOT","PC_GDP","A","2018",4.663,
"CHL","INSURANCEEXP","TOT","PC_GDP","A","2019",4.569,
"CHL","INSURANCEEXP","TOT","PC_GDP","A","2020",3.908,
"COL","INSURANCEEXP","TOT","PC_GDP","A","2009",2.28,
"COL","INSURANCEEXP","TOT","PC_GDP","A","2010",2.254,
"COL","INSURANCEEXP","TOT","PC_GDP","A","2011",2.256,
"COL","INSURANCEEXP","TOT","PC_GDP","A","2012",2.439,
"COL","INSURANCEEXP","TOT","PC_GDP","A","2013",2.638,
"COL","INSURANCEEXP","TOT","PC_GDP","A","2014",2.495,
"COL","INSURANCEEXP","TOT","PC_GDP","A","2015",2.672,
"COL","INSURANCEEXP","TOT","PC_GDP","A","2016",2.794,
"COL","INSURANCEEXP","TOT","PC_GDP","A","2017",2.825,
"COL","INSURANCEEXP","TOT","PC_GDP","A","2018",2.76,
"COL","INSURANCEEXP","TOT","PC_GDP","A","2019",2.847,
"COL","INSURANCEEXP","TOT","PC_GDP","A","2020",3.044,
"EST","INSURANCEEXP","TOT","PC_GDP","A","2006",0.741,
"EST","INSURANCEEXP","TOT","PC_GDP","A","2009",1.747,
"EST","INSURANCEEXP","TOT","PC_GDP","A","2010",2.895,
"EST","INSURANCEEXP","TOT","PC_GDP","A","2011",2.414,
"EST","INSURANCEEXP","TOT","PC_GDP","A","2012",2.681,
"EST","INSURANCEEXP","TOT","PC_GDP","A","2013",3.083,
"EST","INSURANCEEXP","TOT","PC_GDP","A","2014",3.149,
"EST","INSURANCEEXP","TOT","PC_GDP","A","2015",3.338,
"EST","INSURANCEEXP","TOT","PC_GDP","A","2016",3.386,
"EST","INSURANCEEXP","TOT","PC_GDP","A","2017",3.432,
"EST","INSURANCEEXP","TOT","PC_GDP","A","2018",3.583,
"EST","INSURANCEEXP","TOT","PC_GDP","A","2019",3.548,
"EST","INSURANCEEXP","TOT","PC_GDP","A","2020",3.492,
"HKG","INSURANCEEXP","TOT","PC_GDP","A","2009",10.839,
"HKG","INSURANCEEXP","TOT","PC_GDP","A","2010",11.251,
"HKG","INSURANCEEXP","TOT","PC_GDP","A","2011",11.206,
"HKG","INSURANCEEXP","TOT","PC_GDP","A","2012",12.024,
"HKG","INSURANCEEXP","TOT","PC_GDP","A","2013",13.085,
"HKG","INSURANCEEXP","TOT","PC_GDP","A","2014",14.081,
"HKG","INSURANCEEXP","TOT","PC_GDP","A","2015",14.788,
"HKG","INSURANCEEXP","TOT","PC_GDP","A","2016",17.593,
"HKG","INSURANCEEXP","TOT","PC_GDP","A","2017",17.957,
"HKG","INSURANCEEXP","TOT","PC_GDP","A","2018",18.22,
"IDN","INSURANCEEXP","TOT","PC_GDP","A","2011",1.627,
"IDN","INSURANCEEXP","TOT","PC_GDP","A","2012",1.695,
"IDN","INSURANCEEXP","TOT","PC_GDP","A","2013",1.645,
"IDN","INSURANCEEXP","TOT","PC_GDP","A","2014",1.568,
"IDN","INSURANCEEXP","TOT","PC_GDP","A","2015",1.663,
"IDN","INSURANCEEXP","TOT","PC_GDP","A","2016",1.818,
"IDN","INSURANCEEXP","TOT","PC_GDP","A","2017",1.883,
"IDN","INSURANCEEXP","TOT","PC_GDP","A","2018",1.787,
"IDN","INSURANCEEXP","TOT","PC_GDP","A","2019",1.728,
"IDN","INSURANCEEXP","TOT","PC_GDP","A","2020",1.649,
"ISR","INSURANCEEXP","TOT","PC_GDP","A","2006",5.032,
"ISR","INSURANCEEXP","TOT","PC_GDP","A","2007",4.906,
"ISR","INSURANCEEXP","TOT","PC_GDP","A","2008",4.973,
"ISR","INSURANCEEXP","TOT","PC_GDP","A","2009",4.931,
"ISR","INSURANCEEXP","TOT","PC_GDP","A","2010",4.787,
"ISR","INSURANCEEXP","TOT","PC_GDP","A","2011",4.829,
"ISR","INSURANCEEXP","TOT","PC_GDP","A","2012",4.826,
"ISR","INSURANCEEXP","TOT","PC_GDP","A","2013",4.739,
"ISR","INSURANCEEXP","TOT","PC_GDP","A","2014",4.62,
"ISR","INSURANCEEXP","TOT","PC_GDP","A","2015",4.704,
"ISR","INSURANCEEXP","TOT","PC_GDP","A","2016",4.746,
"ISR","INSURANCEEXP","TOT","PC_GDP","A","2017",4.905,
"ISR","INSURANCEEXP","TOT","PC_GDP","A","2018",4.967,
"ISR","INSURANCEEXP","TOT","PC_GDP","A","2019",4.856,
"ISR","INSURANCEEXP","TOT","PC_GDP","A","2020",4.793,
"MYS","INSURANCEEXP","TOT","PC_GDP","A","2009",4.256,
"MYS","INSURANCEEXP","TOT","PC_GDP","A","2010",4.788,
"MYS","INSURANCEEXP","TOT","PC_GDP","A","2011",4.602,
"MYS","INSURANCEEXP","TOT","PC_GDP","A","2012",4.757,
"MYS","INSURANCEEXP","TOT","PC_GDP","A","2013",4.795,
"MYS","INSURANCEEXP","TOT","PC_GDP","A","2014",4.745,
"MYS","INSURANCEEXP","TOT","PC_GDP","A","2015",4.703,
"MYS","INSURANCEEXP","TOT","PC_GDP","A","2016",4.626,
"MYS","INSURANCEEXP","TOT","PC_GDP","A","2017",4.409,
"MYS","INSURANCEEXP","TOT","PC_GDP","A","2018",4.346,
"MYS","INSURANCEEXP","TOT","PC_GDP","A","2019",4.531,
"MYS","INSURANCEEXP","TOT","PC_GDP","A","2020",4.968,
"PRY","INSURANCEEXP","TOT","PC_GDP","A","2012",0.895,
"PRY","INSURANCEEXP","TOT","PC_GDP","A","2013",0.919,
"PRY","INSURANCEEXP","TOT","PC_GDP","A","2015",1.04,
"PRY","INSURANCEEXP","TOT","PC_GDP","A","2016",1.034,
"PRY","INSURANCEEXP","TOT","PC_GDP","A","2017",1.021,
"PRY","INSURANCEEXP","TOT","PC_GDP","A","2018",1.054,
"PRY","INSURANCEEXP","TOT","PC_GDP","A","2019",1.087,
"PER","INSURANCEEXP","TOT","PC_GDP","A","2011",1.531,
"PER","INSURANCEEXP","TOT","PC_GDP","A","2012",1.554,
"PER","INSURANCEEXP","TOT","PC_GDP","A","2013",1.661,
"PER","INSURANCEEXP","TOT","PC_GDP","A","2014",1.768,
"PER","INSURANCEEXP","TOT","PC_GDP","A","2015",1.927,
"PER","INSURANCEEXP","TOT","PC_GDP","A","2016",1.71,
"PER","INSURANCEEXP","TOT","PC_GDP","A","2017",1.623,
"PER","INSURANCEEXP","TOT","PC_GDP","A","2018",1.739,
"PER","INSURANCEEXP","TOT","PC_GDP","A","2019",1.833,
"PER","INSURANCEEXP","TOT","PC_GDP","A","2020",1.968,
"RUS","INSURANCEEXP","TOT","PC_GDP","A","2006",1.207,
"RUS","INSURANCEEXP","TOT","PC_GDP","A","2007",1.364,
"RUS","INSURANCEEXP","TOT","PC_GDP","A","2008",1.255,
"RUS","INSURANCEEXP","TOT","PC_GDP","A","2009",1.238,
"RUS","INSURANCEEXP","TOT","PC_GDP","A","2011",1.112,
"RUS","INSURANCEEXP","TOT","PC_GDP","A","2014",1.249,
"RUS","INSURANCEEXP","TOT","PC_GDP","A","2015",1.233,
"RUS","INSURANCEEXP","TOT","PC_GDP","A","2016",1.385,
"RUS","INSURANCEEXP","TOT","PC_GDP","A","2017",1.392,
"RUS","INSURANCEEXP","TOT","PC_GDP","A","2018",1.424,
"RUS","INSURANCEEXP","TOT","PC_GDP","A","2019",1.356,
"RUS","INSURANCEEXP","TOT","PC_GDP","A","2020",1.443,
"SGP","INSURANCEEXP","TOT","PC_GDP","A","2000",6.258,
"SGP","INSURANCEEXP","TOT","PC_GDP","A","2001",10.237,
"SGP","INSURANCEEXP","TOT","PC_GDP","A","2004",7.367,
"SGP","INSURANCEEXP","TOT","PC_GDP","A","2009",4.261,
"SGP","INSURANCEEXP","TOT","PC_GDP","A","2010",6.329,
"SGP","INSURANCEEXP","TOT","PC_GDP","A","2011",6.293,
"SGP","INSURANCEEXP","TOT","PC_GDP","A","2012",6.711,
"SGP","INSURANCEEXP","TOT","PC_GDP","A","2013",7.103,
"SGP","INSURANCEEXP","TOT","PC_GDP","A","2014",7.799,
"SGP","INSURANCEEXP","TOT","PC_GDP","A","2015",7.908,
"SGP","INSURANCEEXP","TOT","PC_GDP","A","2016",8.147,
"SGP","INSURANCEEXP","TOT","PC_GDP","A","2017",8.845,
"SGP","INSURANCEEXP","TOT","PC_GDP","A","2019",8.782,
"SGP","INSURANCEEXP","TOT","PC_GDP","A","2020",10.933,
"SVN","INSURANCEEXP","TOT","PC_GDP","A","2007",5.4,
"SVN","INSURANCEEXP","TOT","PC_GDP","A","2008",5.321,
"SVN","INSURANCEEXP","TOT","PC_GDP","A","2009",5.277,
"SVN","INSURANCEEXP","TOT","PC_GDP","A","2010",5.267,
"SVN","INSURANCEEXP","TOT","PC_GDP","A","2011",5.184,
"SVN","INSURANCEEXP","TOT","PC_GDP","A","2012",5.303,
"SVN","INSURANCEEXP","TOT","PC_GDP","A","2013",5.143,
"SVN","INSURANCEEXP","TOT","PC_GDP","A","2014",4.938,
"SVN","INSURANCEEXP","TOT","PC_GDP","A","2015",4.842,
"SVN","INSURANCEEXP","TOT","PC_GDP","A","2016",4.741,
"SVN","INSURANCEEXP","TOT","PC_GDP","A","2017",4.699,
"SVN","INSURANCEEXP","TOT","PC_GDP","A","2018",4.669,
"SVN","INSURANCEEXP","TOT","PC_GDP","A","2019",4.8,
"SVN","INSURANCEEXP","TOT","PC_GDP","A","2020",5.034,
"URY","INSURANCEEXP","TOT","PC_GDP","A","2011",1.753,
"URY","INSURANCEEXP","TOT","PC_GDP","A","2012",1.906,
"URY","INSURANCEEXP","TOT","PC_GDP","A","2013",1.933,
"URY","INSURANCEEXP","TOT","PC_GDP","A","2014",2.095,
"URY","INSURANCEEXP","TOT","PC_GDP","A","2015",2.207,
"URY","INSURANCEEXP","TOT","PC_GDP","A","2017",2.454,
"URY","INSURANCEEXP","TOT","PC_GDP","A","2018",2.31,
"URY","INSURANCEEXP","TOT","PC_GDP","A","2019",2.527,
"URY","INSURANCEEXP","TOT","PC_GDP","A","2020",2.77,
"OECD","INSURANCEEXP","TOT","PC_GDP","A","2000",8.633,
"OECD","INSURANCEEXP","TOT","PC_GDP","A","2001",8.317,
"OECD","INSURANCEEXP","TOT","PC_GDP","A","2002",8.417,
"OECD","INSURANCEEXP","TOT","PC_GDP","A","2003",8.569,
"OECD","INSURANCEEXP","TOT","PC_GDP","A","2004",8.505,
"OECD","INSURANCEEXP","TOT","PC_GDP","A","2005",8.596,
"OECD","INSURANCEEXP","TOT","PC_GDP","A","2006",8.97,
"OECD","INSURANCEEXP","TOT","PC_GDP","A","2007",9.197,
"OECD","INSURANCEEXP","TOT","PC_GDP","A","2008",8.712,
"OECD","INSURANCEEXP","TOT","PC_GDP","A","2009",9.126,
"OECD","INSURANCEEXP","TOT","PC_GDP","A","2010",8.624,
"OECD","INSURANCEEXP","TOT","PC_GDP","A","2011",8.536,
"OECD","INSURANCEEXP","TOT","PC_GDP","A","2012",8.255,
"OECD","INSURANCEEXP","TOT","PC_GDP","A","2013",8.079,
"OECD","INSURANCEEXP","TOT","PC_GDP","A","2014",8.357,
"OECD","INSURANCEEXP","TOT","PC_GDP","A","2015",8.545,
"OECD","INSURANCEEXP","TOT","PC_GDP","A","2016",8.746,
"OECD","INSURANCEEXP","TOT","PC_GDP","A","2017",8.781,
"OECD","INSURANCEEXP","TOT","PC_GDP","A","2018",8.866,
"OECD","INSURANCEEXP","TOT","PC_GDP","A","2019",9.03,
"OECD","INSURANCEEXP","TOT","PC_GDP","A","2020",9.447,
"ZAF","INSURANCEEXP","TOT","PC_GDP","A","2010",13.393,
"ZAF","INSURANCEEXP","TOT","PC_GDP","A","2011",13.449,
"ZAF","INSURANCEEXP","TOT","PC_GDP","A","2013",14.461,
"ZAF","INSURANCEEXP","TOT","PC_GDP","A","2014",14.364,
"ZAF","INSURANCEEXP","TOT","PC_GDP","A","2015",14.494,
"ZAF","INSURANCEEXP","TOT","PC_GDP","A","2016",13.921,
"ZAF","INSURANCEEXP","TOT","PC_GDP","A","2020",13.851,
"IND","INSURANCEEXP","TOT","PC_GDP","A","2011",3.84,
"IND","INSURANCEEXP","TOT","PC_GDP","A","2015",3.386,
"IND","INSURANCEEXP","TOT","PC_GDP","A","2016",3.57,
"IND","INSURANCEEXP","TOT","PC_GDP","A","2017",3.582,
"IND","INSURANCEEXP","TOT","PC_GDP","A","2019",3.76,
"THA","INSURANCEEXP","TOT","PC_GDP","A","2010",3.898,
"THA","INSURANCEEXP","TOT","PC_GDP","A","2011",4.149,
"LVA","INSURANCEEXP","TOT","PC_GDP","A","2009",1.937,
"LVA","INSURANCEEXP","TOT","PC_GDP","A","2010",1.807,
"LVA","INSURANCEEXP","TOT","PC_GDP","A","2011",1.926,
"LVA","INSURANCEEXP","TOT","PC_GDP","A","2012",1.999,
"LVA","INSURANCEEXP","TOT","PC_GDP","A","2013",2.054,
"LVA","INSURANCEEXP","TOT","PC_GDP","A","2014",2.19,
"LVA","INSURANCEEXP","TOT","PC_GDP","A","2015",2.162,
"LVA","INSURANCEEXP","TOT","PC_GDP","A","2016",2.099,
"LVA","INSURANCEEXP","TOT","PC_GDP","A","2017",2.395,
"LVA","INSURANCEEXP","TOT","PC_GDP","A","2018",2.593,
"LVA","INSURANCEEXP","TOT","PC_GDP","A","2019",2.816,
"LVA","INSURANCEEXP","TOT","PC_GDP","A","2020",2.719,
"BOL","INSURANCEEXP","TOT","PC_GDP","A","2012",1.161,
"BOL","INSURANCEEXP","TOT","PC_GDP","A","2016",1.367,
"BOL","INSURANCEEXP","TOT","PC_GDP","A","2017",1.279,
"BOL","INSURANCEEXP","TOT","PC_GDP","A","2018",1.319,
"BOL","INSURANCEEXP","TOT","PC_GDP","A","2019",1.401,
"BOL","INSURANCEEXP","TOT","PC_GDP","A","2020",1.505,
"CRI","INSURANCEEXP","TOT","PC_GDP","A","2010",1.906,
"CRI","INSURANCEEXP","TOT","PC_GDP","A","2011",1.853,
"CRI","INSURANCEEXP","TOT","PC_GDP","A","2012",1.958,
"CRI","INSURANCEEXP","TOT","PC_GDP","A","2013",2.027,
"CRI","INSURANCEEXP","TOT","PC_GDP","A","2014",2.218,
"CRI","INSURANCEEXP","TOT","PC_GDP","A","2015",1.853,
"CRI","INSURANCEEXP","TOT","PC_GDP","A","2016",2.052,
"CRI","INSURANCEEXP","TOT","PC_GDP","A","2017",2.174,
"CRI","INSURANCEEXP","TOT","PC_GDP","A","2018",2.132,
"CRI","INSURANCEEXP","TOT","PC_GDP","A","2019",2.21,
"CRI","INSURANCEEXP","TOT","PC_GDP","A","2020",2.33,
"GTM","INSURANCEEXP","TOT","PC_GDP","A","2011",1.278,
"GTM","INSURANCEEXP","TOT","PC_GDP","A","2012",1.189,
"GTM","INSURANCEEXP","TOT","PC_GDP","A","2013",1.253,
"GTM","INSURANCEEXP","TOT","PC_GDP","A","2014",1.261,
"GTM","INSURANCEEXP","TOT","PC_GDP","A","2015",1.253,
"GTM","INSURANCEEXP","TOT","PC_GDP","A","2016",1.258,
"GTM","INSURANCEEXP","TOT","PC_GDP","A","2017",1.293,
"GTM","INSURANCEEXP","TOT","PC_GDP","A","2018",1.274,
"GTM","INSURANCEEXP","TOT","PC_GDP","A","2019",1.274,
"GTM","INSURANCEEXP","TOT","PC_GDP","A","2020",1.317,
"NIC","INSURANCEEXP","TOT","PC_GDP","A","2011",1.261,
"NIC","INSURANCEEXP","TOT","PC_GDP","A","2012",1.313,
"NIC","INSURANCEEXP","TOT","PC_GDP","A","2013",1.428,
"NIC","INSURANCEEXP","TOT","PC_GDP","A","2014",1.496,
"NIC","INSURANCEEXP","TOT","PC_GDP","A","2015",1.495,
"NIC","INSURANCEEXP","TOT","PC_GDP","A","2016",1.538,
"NIC","INSURANCEEXP","TOT","PC_GDP","A","2017",1.598,
"NIC","INSURANCEEXP","TOT","PC_GDP","A","2018",1.714,
"NIC","INSURANCEEXP","TOT","PC_GDP","A","2019",1.632,
"NIC","INSURANCEEXP","TOT","PC_GDP","A","2020",1.651,
"PAN","INSURANCEEXP","TOT","PC_GDP","A","2011",2.981,
"PAN","INSURANCEEXP","TOT","PC_GDP","A","2012",2.676,
"PAN","INSURANCEEXP","TOT","PC_GDP","A","2013",2.708,
"PAN","INSURANCEEXP","TOT","PC_GDP","A","2019",2.348,
"PAN","INSURANCEEXP","TOT","PC_GDP","A","2020",2.87,
"ECU","INSURANCEEXP","TOT","PC_GDP","A","2015",2.285,
"ECU","INSURANCEEXP","TOT","PC_GDP","A","2016",2.1,
"ECU","INSURANCEEXP","TOT","PC_GDP","A","2017",1.579,
"ECU","INSURANCEEXP","TOT","PC_GDP","A","2018",1.586,
"ECU","INSURANCEEXP","TOT","PC_GDP","A","2019",1.652,
"LTU","INSURANCEEXP","TOT","PC_GDP","A","2010",1.603,
"LTU","INSURANCEEXP","TOT","PC_GDP","A","2011",1.571,
"LTU","INSURANCEEXP","TOT","PC_GDP","A","2012",1.547,
"LTU","INSURANCEEXP","TOT","PC_GDP","A","2013",1.617,
"LTU","INSURANCEEXP","TOT","PC_GDP","A","2014",1.643,
"LTU","INSURANCEEXP","TOT","PC_GDP","A","2015",1.727,
"LTU","INSURANCEEXP","TOT","PC_GDP","A","2016",1.825,
"LTU","INSURANCEEXP","TOT","PC_GDP","A","2017",1.875,
"LTU","INSURANCEEXP","TOT","PC_GDP","A","2018",1.93,
"LTU","INSURANCEEXP","TOT","PC_GDP","A","2019",1.938,
"LTU","INSURANCEEXP","TOT","PC_GDP","A","2020",1.952,
"LKA","INSURANCEEXP","TOT","PC_GDP","A","2014",0.919,
"LKA","INSURANCEEXP","TOT","PC_GDP","A","2015",1.137,
"LKA","INSURANCEEXP","TOT","PC_GDP","A","2017",1.259,
"LKA","INSURANCEEXP","TOT","PC_GDP","A","2018",1.276,
"HND","INSURANCEEXP","TOT","PC_GDP","A","2012",1.91,
"HND","INSURANCEEXP","TOT","PC_GDP","A","2013",1.991,
"HND","INSURANCEEXP","TOT","PC_GDP","A","2014",1.92,
"HND","INSURANCEEXP","TOT","PC_GDP","A","2015",1.895,
"HND","INSURANCEEXP","TOT","PC_GDP","A","2018",2.625,
"HND","INSURANCEEXP","TOT","PC_GDP","A","2019",2.488,
"HND","INSURANCEEXP","TOT","PC_GDP","A","2020",2.588,
"TUN","INSURANCEEXP","TOT","PC_GDP","A","2016",2.043,
"TUN","INSURANCEEXP","TOT","PC_GDP","A","2017",2.173,
"TUN","INSURANCEEXP","TOT","PC_GDP","A","2018",2.097,
"TUN","INSURANCEEXP","TOT","PC_GDP","A","2019",2.101,
"TUN","INSURANCEEXP","TOT","PC_GDP","A","2020",2.29,
"DOM","INSURANCEEXP","TOT","PC_GDP","A","2018",1.429,
"SLV","INSURANCEEXP","TOT","PC_GDP","A","2018",2.389,
"SLV","INSURANCEEXP","TOT","PC_GDP","A","2019",2.455,
"SLV","INSURANCEEXP","TOT","PC_GDP","A","2020",2.728,
"BGR","INSURANCEEXP","TOT","PC_GDP","A","2018",2.257,
"BGR","INSURANCEEXP","TOT","PC_GDP","A","2019",2.388,
"BGR","INSURANCEEXP","TOT","PC_GDP","A","2020",2.413,
"EGY","INSURANCEEXP","TOT","PC_GDP","A","2017",0.691,
"EGY","INSURANCEEXP","TOT","PC_GDP","A","2018",0.665,
"EGY","INSURANCEEXP","TOT","PC_GDP","A","2019",0.628,
"EGY","INSURANCEEXP","TOT","PC_GDP","A","2020",0.666,
"MAR","INSURANCEEXP","TOT","PC_GDP","A","2017",3.644,
"MAR","INSURANCEEXP","TOT","PC_GDP","A","2018",3.712,
"TWN","INSURANCEEXP","TOT","PC_GDP","A","2018",20.06,
"TWN","INSURANCEEXP","TOT","PC_GDP","A","2019",19.244,
"TWN","INSURANCEEXP","TOT","PC_GDP","A","2020",16.952,
"MNE","INSURANCEEXP","TOT","PC_GDP","A","2019",1.913,
"MNE","INSURANCEEXP","TOT","PC_GDP","A","2020",2.223,
